id,Character
0,的
1,一
2,是
3,不
4,了
5,在
6,人
7,有
8,我
9,他
10,这
11,个
12,们
13,中
14,来
15,上
16,大
17,为
18,和
19,国
20,地
21,到
22,以
23,说
24,时
25,要
26,就
27,出
28,会
29,可
30,也
31,你
32,对
33,生
34,能
35,而
36,子
37,那
38,得
39,于
40,着
41,下
42,自
43,之
44,年
45,过
46,发
47,后
48,作
49,里
50,用
51,道
52,行
53,所
54,然
55,家
56,种
57,事
58,成
59,方
60,多
61,经
62,么
63,去
64,法
65,学
66,如
67,都
68,同
69,现
70,当
71,没
72,动
73,面
74,起
75,看
76,定
77,天
78,分
79,还
80,进
81,好
82,小
83,部
84,其
85,些
86,主
87,样
88,理
89,心
90,她
91,本
92,前
93,开
94,但
95,因
96,只
97,从
98,想
99,实
100,日
101,军
102,者
103,意
104,无
105,力
106,它
107,与
108,长
109,把
110,机
111,十
112,民
113,第
114,公
115,此
116,已
117,工
118,使
119,情
120,明
121,性
122,知
123,全
124,三
125,又
126,关
127,点
128,正
129,业
130,外
131,将
132,两
133,高
134,间
135,由
136,问
137,很
138,最
139,重
140,并
141,物
142,手
143,应
144,战
145,向
146,头
147,文
148,体
149,政
150,美
151,相
152,见
153,被
154,利
155,什
156,二
157,等
158,产
159,或
160,新
161,己
162,制
163,身
164,果
165,加
166,西
167,斯
168,月
169,话
170,合
171,回
172,特
173,代
174,内
175,信
176,表
177,化
178,老
179,给
180,世
181,位
182,次
183,度
184,门
185,任
186,常
187,先
188,海
189,通
190,教
191,儿
192,原
193,东
194,声
195,提
196,立
197,及
198,比
199,员
200,解
201,水
202,名
203,真
204,论
205,处
206,走
207,义
208,各
209,入
210,几
211,口
212,认
213,条
214,平
215,系
216,气
217,题
218,活
219,尔
220,更
221,别
222,打
223,女
224,变
225,四
226,神
227,总
228,何
229,电
230,数
231,安
232,少
233,报
234,才
235,结
236,反
237,受
238,目
239,太
240,量
241,再
242,感
243,建
244,务
245,做
246,接
247,必
248,场
249,件
250,计
251,管
252,期
253,市
254,直
255,德
256,资
257,命
258,山
259,金
260,指
261,克
262,许
263,统
264,区
265,保
266,至
267,队
268,形
269,社
270,便
271,空
272,决
273,治
274,展
275,马
276,科
277,司
278,五
279,基
280,眼
281,书
282,非
283,则
284,听
285,白
286,却
287,界
288,达
289,光
290,放
291,强
292,即
293,像
294,难
295,且
296,权
297,思
298,王
299,象
300,完
301,设
302,式
303,色
304,路
305,记
306,南
307,品
308,住
309,告
310,类
311,求
312,据
313,程
314,北
315,边
316,死
317,张
318,该
319,交
320,规
321,万
322,取
323,拉
324,格
325,望
326,觉
327,术
328,领
329,共
330,确
331,传
332,师
333,观
334,清
335,今
336,切
337,院
338,让
339,识
340,候
341,带
342,导
343,争
344,运
345,笑
346,飞
347,风
348,步
349,改
350,收
351,根
352,干
353,造
354,言
355,联
356,持
357,组
358,每
359,济
360,车
361,亲
362,极
363,林
364,服
365,快
366,办
367,议
368,往
369,元
370,英
371,士
372,证
373,近
374,失
375,转
376,夫
377,令
378,准
379,布
380,始
381,怎
382,呢
383,存
384,未
385,远
386,叫
387,台
388,单
389,影
390,具
391,罗
392,字
393,爱
394,击
395,流
396,备
397,兵
398,连
399,调
400,深
401,商
402,算
403,质
404,团
405,集
406,百
407,需
408,价
409,花
410,党
411,华
412,城
413,石
414,级
415,整
416,府
417,离
418,况
419,亚
420,请
421,技
422,际
423,约
424,示
425,复
426,病
427,息
428,究
429,线
430,似
431,官
432,火
433,断
434,精
435,满
436,支
437,视
438,消
439,越
440,器
441,容
442,照
443,须
444,九
445,增
446,研
447,写
448,称
449,企
450,八
451,功
452,吗
453,包
454,片
455,史
456,委
457,乎
458,查
459,轻
460,易
461,早
462,曾
463,除
464,农
465,找
466,装
467,广
468,显
469,吧
470,阿
471,李
472,标
473,谈
474,吃
475,图
476,念
477,六
478,引
479,历
480,首
481,医
482,局
483,突
484,专
485,费
486,号
487,尽
488,另
489,周
490,较
491,注
492,语
493,仅
494,考
495,落
496,青
497,随
498,选
499,列
500,武
501,红
502,响
503,虽
504,推
505,势
506,参
507,希
508,古
509,众
510,构
511,房
512,半
513,节
514,土
515,投
516,某
517,案
518,黑
519,维
520,革
521,划
522,敌
523,致
524,陈
525,律
526,足
527,态
528,护
529,七
530,兴
531,派
532,孩
533,验
534,责
535,营
536,星
537,够
538,章
539,音
540,跟
541,志
542,底
543,站
544,严
545,巴
546,例
547,防
548,族
549,供
550,效
551,续
552,施
553,留
554,讲
555,型
556,料
557,终
558,答
559,紧
560,黄
561,绝
562,奇
563,察
564,母
565,京
566,段
567,依
568,批
569,群
570,项
571,故
572,按
573,河
574,米
575,围
576,江
577,织
578,害
579,斗
580,双
581,境
582,客
583,纪
584,采
585,举
586,杀
587,攻
588,父
589,苏
590,密
591,低
592,朝
593,友
594,诉
595,止
596,细
597,愿
598,千
599,值
600,仍
601,男
602,钱
603,破
604,网
605,热
606,助
607,倒
608,育
609,属
610,坐
611,帝
612,限
613,船
614,脸
615,职
616,速
617,刻
618,乐
619,否
620,刚
621,威
622,毛
623,状
624,率
625,甚
626,独
627,球
628,般
629,普
630,怕
631,弹
632,校
633,苦
634,创
635,假
636,久
637,错
638,承
639,印
640,晚
641,兰
642,试
643,股
644,拿
645,脑
646,预
647,谁
648,益
649,阳
650,若
651,哪
652,微
653,尼
654,继
655,送
656,急
657,血
658,惊
659,伤
660,素
661,药
662,适
663,波
664,夜
665,省
666,初
667,喜
668,卫
669,源
670,食
671,险
672,待
673,述
674,陆
675,习
676,置
677,居
678,劳
679,财
680,环
681,排
682,福
683,纳
684,欢
685,雷
686,警
687,获
688,模
689,充
690,负
691,云
692,停
693,木
694,游
695,龙
696,树
697,疑
698,层
699,冷
700,洲
701,冲
702,射
703,略
704,范
705,竟
706,句
707,室
708,异
709,激
710,汉
711,村
712,哈
713,策
714,演
715,简
716,卡
717,罪
718,判
719,担
720,州
721,静
722,退
723,既
724,衣
725,您
726,宗
727,积
728,余
729,痛
730,检
731,差
732,富
733,灵
734,协
735,角
736,占
737,配
738,征
739,修
740,皮
741,挥
742,胜
743,降
744,阶
745,审
746,沉
747,坚
748,善
749,妈
750,刘
751,读
752,啊
753,超
754,免
755,压
756,银
757,买
758,皇
759,养
760,伊
761,怀
762,执
763,副
764,乱
765,抗
766,犯
767,追
768,帮
769,宣
770,佛
771,岁
772,航
773,优
774,怪
775,香
776,著
777,田
778,铁
779,控
780,税
781,左
782,右
783,份
784,穿
785,艺
786,背
787,阵
788,草
789,脚
790,概
791,恶
792,块
793,顿
794,敢
795,守
796,酒
797,岛
798,托
799,央
800,户
801,烈
802,洋
803,哥
804,索
805,胡
806,款
807,靠
808,评
809,版
810,宝
811,座
812,释
813,景
814,顾
815,弟
816,登
817,货
818,互
819,付
820,伯
821,慢
822,欧
823,换
824,闻
825,危
826,忙
827,核
828,暗
829,姐
830,介
831,坏
832,讨
833,丽
834,良
835,序
836,升
837,监
838,临
839,亮
840,露
841,永
842,呼
843,味
844,野
845,架
846,域
847,沙
848,掉
849,括
850,舰
851,鱼
852,杂
853,误
854,湾
855,吉
856,减
857,编
858,楚
859,肯
860,测
861,败
862,屋
863,跑
864,梦
865,散
866,温
867,困
868,剑
869,渐
870,封
871,救
872,贵
873,枪
874,缺
875,楼
876,县
877,尚
878,毫
879,移
880,娘
881,朋
882,画
883,班
884,智
885,亦
886,耳
887,恩
888,短
889,掌
890,恐
891,遗
892,固
893,席
894,松
895,秘
896,谢
897,鲁
898,遇
899,康
900,虑
901,幸
902,均
903,销
904,钟
905,诗
906,藏
907,赶
908,剧
909,票
910,损
911,忽
912,巨
913,炮
914,旧
915,端
916,探
917,湖
918,录
919,叶
920,春
921,乡
922,附
923,吸
924,予
925,礼
926,港
927,雨
928,呀
929,板
930,庭
931,妇
932,归
933,睛
934,饭
935,额
936,含
937,顺
938,输
939,摇
940,招
941,婚
942,脱
943,补
944,谓
945,督
946,毒
947,油
948,疗
949,旅
950,泽
951,材
952,灭
953,逐
954,莫
955,笔
956,亡
957,鲜
958,词
959,圣
960,择
961,寻
962,厂
963,睡
964,博
965,勒
966,烟
967,授
968,诺
969,伦
970,岸
971,奥
972,唐
973,卖
974,俄
975,炸
976,载
977,洛
978,健
979,堂
980,旁
981,宫
982,喝
983,借
984,君
985,禁
986,阴
987,园
988,谋
989,宋
990,避
991,抓
992,荣
993,姑
994,孙
995,逃
996,牙
997,束
998,跳
999,顶
1000,玉
1001,镇
1002,雪
1003,午
1004,练
1005,迫
1006,爷
1007,篇
1008,肉
1009,嘴
1010,馆
1011,遍
1012,凡
1013,础
1014,洞
1015,卷
1016,坦
1017,牛
1018,宁
1019,纸
1020,诸
1021,训
1022,私
1023,庄
1024,祖
1025,丝
1026,翻
1027,暴
1028,森
1029,塔
1030,默
1031,握
1032,戏
1033,隐
1034,熟
1035,骨
1036,访
1037,弱
1038,蒙
1039,歌
1040,店
1041,鬼
1042,软
1043,典
1044,欲
1045,萨
1046,伙
1047,遭
1048,盘
1049,爸
1050,扩
1051,盖
1052,弄
1053,雄
1054,稳
1055,忘
1056,亿
1057,刺
1058,拥
1059,徒
1060,姆
1061,杨
1062,齐
1063,赛
1064,趣
1065,曲
1066,刀
1067,床
1068,迎
1069,冰
1070,虚
1071,玩
1072,析
1073,窗
1074,醒
1075,妻
1076,透
1077,购
1078,替
1079,塞
1080,努
1081,休
1082,虎
1083,扬
1084,途
1085,侵
1086,刑
1087,绿
1088,兄
1089,迅
1090,套
1091,贸
1092,毕
1093,唯
1094,谷
1095,轮
1096,库
1097,迹
1098,尤
1099,竞
1100,街
1101,促
1102,延
1103,震
1104,弃
1105,甲
1106,伟
1107,麻
1108,川
1109,申
1110,缓
1111,潜
1112,闪
1113,售
1114,灯
1115,针
1116,哲
1117,络
1118,抵
1119,朱
1120,埃
1121,抱
1122,鼓
1123,植
1124,纯
1125,夏
1126,忍
1127,页
1128,杰
1129,筑
1130,折
1131,郑
1132,贝
1133,尊
1134,吴
1135,秀
1136,混
1137,臣
1138,雅
1139,振
1140,染
1141,盛
1142,怒
1143,舞
1144,圆
1145,搞
1146,狂
1147,措
1148,姓
1149,残
1150,秋
1151,培
1152,迷
1153,诚
1154,宽
1155,宇
1156,猛
1157,摆
1158,梅
1159,毁
1160,伸
1161,摩
1162,盟
1163,末
1164,乃
1165,悲
1166,拍
1167,丁
1168,赵
1169,硬
1170,麦
1171,蒋
1172,操
1173,耶
1174,阻
1175,订
1176,彩
1177,抽
1178,赞
1179,魔
1180,纷
1181,沿
1182,喊
1183,违
1184,妹
1185,浪
1186,汇
1187,币
1188,丰
1189,蓝
1190,殊
1191,献
1192,桌
1193,啦
1194,瓦
1195,莱
1196,援
1197,译
1198,夺
1199,汽
1200,烧
1201,距
1202,裁
1203,偏
1204,符
1205,勇
1206,触
1207,课
1208,敬
1209,哭
1210,懂
1211,墙
1212,袭
1213,召
1214,罚
1215,侠
1216,厅
1217,拜
1218,巧
1219,侧
1220,韩
1221,冒
1222,债
1223,曼
1224,融
1225,惯
1226,享
1227,戴
1228,童
1229,犹
1230,乘
1231,挂
1232,奖
1233,绍
1234,厚
1235,纵
1236,障
1237,讯
1238,涉
1239,彻
1240,刊
1241,丈
1242,爆
1243,乌
1244,役
1245,描
1246,洗
1247,玛
1248,患
1249,妙
1250,镜
1251,唱
1252,烦
1253,签
1254,仙
1255,彼
1256,弗
1257,症
1258,仿
1259,倾
1260,牌
1261,陷
1262,鸟
1263,轰
1264,咱
1265,菜
1266,闭
1267,奋
1268,庆
1269,撤
1270,泪
1271,茶
1272,疾
1273,缘
1274,播
1275,朗
1276,杜
1277,奶
1278,季
1279,丹
1280,狗
1281,尾
1282,仪
1283,偷
1284,奔
1285,珠
1286,虫
1287,驻
1288,孔
1289,宜
1290,艾
1291,桥
1292,淡
1293,翼
1294,恨
1295,繁
1296,寒
1297,伴
1298,叹
1299,旦
1300,愈
1301,潮
1302,粮
1303,缩
1304,罢
1305,聚
1306,径
1307,恰
1308,挑
1309,袋
1310,灰
1311,捕
1312,徐
1313,珍
1314,幕
1315,映
1316,裂
1317,泰
1318,隔
1319,启
1320,尖
1321,忠
1322,累
1323,炎
1324,暂
1325,估
1326,泛
1327,荒
1328,偿
1329,横
1330,拒
1331,瑞
1332,忆
1333,孤
1334,鼻
1335,闹
1336,羊
1337,呆
1338,厉
1339,衡
1340,胞
1341,零
1342,穷
1343,舍
1344,码
1345,赫
1346,婆
1347,魂
1348,灾
1349,洪
1350,腿
1351,胆
1352,津
1353,俗
1354,辩
1355,胸
1356,晓
1357,劲
1358,贫
1359,仁
1360,偶
1361,辑
1362,邦
1363,恢
1364,赖
1365,圈
1366,摸
1367,仰
1368,润
1369,堆
1370,碰
1371,艇
1372,稍
1373,迟
1374,辆
1375,废
1376,净
1377,凶
1378,署
1379,壁
1380,御
1381,奉
1382,旋
1383,冬
1384,矿
1385,抬
1386,蛋
1387,晨
1388,伏
1389,吹
1390,鸡
1391,倍
1392,糊
1393,秦
1394,盾
1395,杯
1396,租
1397,骑
1398,乏
1399,隆
1400,诊
1401,奴
1402,摄
1403,丧
1404,污
1405,渡
1406,旗
1407,甘
1408,耐
1409,凭
1410,扎
1411,抢
1412,绪
1413,粗
1414,肩
1415,梁
1416,幻
1417,菲
1418,皆
1419,碎
1420,宙
1421,叔
1422,岩
1423,荡
1424,综
1425,爬
1426,荷
1427,悉
1428,蒂
1429,返
1430,井
1431,壮
1432,薄
1433,悄
1434,扫
1435,敏
1436,碍
1437,殖
1438,详
1439,迪
1440,矛
1441,霍
1442,允
1443,幅
1444,撒
1445,剩
1446,凯
1447,颗
1448,骂
1449,赏
1450,液
1451,番
1452,箱
1453,贴
1454,漫
1455,酸
1456,郎
1457,腰
1458,舒
1459,眉
1460,忧
1461,浮
1462,辛
1463,恋
1464,餐
1465,吓
1466,挺
1467,励
1468,辞
1469,艘
1470,键
1471,伍
1472,峰
1473,尺
1474,昨
1475,黎
1476,辈
1477,贯
1478,侦
1479,滑
1480,券
1481,崇
1482,扰
1483,宪
1484,绕
1485,趋
1486,慈
1487,乔
1488,阅
1489,汗
1490,枝
1491,拖
1492,墨
1493,胁
1494,插
1495,箭
1496,腊
1497,粉
1498,泥
1499,氏
1500,彭
1501,拔
1502,骗
1503,凤
1504,慧
1505,媒
1506,佩
1507,愤
1508,扑
1509,龄
1510,驱
1511,惜
1512,豪
1513,掩
1514,兼
1515,跃
1516,尸
1517,肃
1518,帕
1519,驶
1520,堡
1521,届
1522,欣
1523,惠
1524,册
1525,储
1526,飘
1527,桑
1528,闲
1529,惨
1530,洁
1531,踪
1532,勃
1533,宾
1534,频
1535,仇
1536,磨
1537,递
1538,邪
1539,撞
1540,拟
1541,滚
1542,奏
1543,巡
1544,颜
1545,剂
1546,绩
1547,贡
1548,疯
1549,坡
1550,瞧
1551,截
1552,燃
1553,焦
1554,殿
1555,伪
1556,柳
1557,锁
1558,逼
1559,颇
1560,昏
1561,劝
1562,呈
1563,搜
1564,勤
1565,戒
1566,驾
1567,漂
1568,饮
1569,曹
1570,朵
1571,仔
1572,柔
1573,俩
1574,孟
1575,腐
1576,幼
1577,践
1578,籍
1579,牧
1580,凉
1581,牲
1582,佳
1583,娜
1584,浓
1585,芳
1586,稿
1587,竹
1588,腹
1589,跌
1590,逻
1591,垂
1592,遵
1593,脉
1594,貌
1595,柏
1596,狱
1597,猜
1598,怜
1599,惑
1600,陶
1601,兽
1602,帐
1603,饰
1604,贷
1605,昌
1606,叙
1607,躺
1608,钢
1609,沟
1610,寄
1611,扶
1612,铺
1613,邓
1614,寿
1615,惧
1616,询
1617,汤
1618,盗
1619,肥
1620,尝
1621,匆
1622,辉
1623,奈
1624,扣
1625,廷
1626,澳
1627,嘛
1628,董
1629,迁
1630,凝
1631,慰
1632,厌
1633,脏
1634,腾
1635,幽
1636,怨
1637,鞋
1638,丢
1639,埋
1640,泉
1641,涌
1642,辖
1643,躲
1644,晋
1645,紫
1646,艰
1647,魏
1648,吾
1649,慌
1650,祝
1651,邮
1652,吐
1653,狠
1654,鉴
1655,曰
1656,械
1657,咬
1658,邻
1659,赤
1660,挤
1661,弯
1662,椅
1663,陪
1664,割
1665,揭
1666,韦
1667,悟
1668,聪
1669,雾
1670,锋
1671,梯
1672,猫
1673,祥
1674,阔
1675,誉
1676,筹
1677,丛
1678,牵
1679,鸣
1680,沈
1681,阁
1682,穆
1683,屈
1684,旨
1685,袖
1686,猎
1687,臂
1688,蛇
1689,贺
1690,柱
1691,抛
1692,鼠
1693,瑟
1694,戈
1695,牢
1696,逊
1697,迈
1698,欺
1699,吨
1700,琴
1701,衰
1702,瓶
1703,恼
1704,燕
1705,仲
1706,诱
1707,狼
1708,池
1709,疼
1710,卢
1711,仗
1712,冠
1713,粒
1714,遥
1715,吕
1716,玄
1717,尘
1718,冯
1719,抚
1720,浅
1721,敦
1722,纠
1723,钻
1724,晶
1725,岂
1726,峡
1727,苍
1728,喷
1729,耗
1730,凌
1731,敲
1732,菌
1733,赔
1734,涂
1735,粹
1736,扁
1737,亏
1738,寂
1739,煤
1740,熊
1741,恭
1742,湿
1743,循
1744,暖
1745,糖
1746,赋
1747,抑
1748,秩
1749,帽
1750,哀
1751,宿
1752,踏
1753,烂
1754,袁
1755,侯
1756,抖
1757,夹
1758,昆
1759,肝
1760,擦
1761,猪
1762,炼
1763,恒
1764,慎
1765,搬
1766,纽
1767,纹
1768,玻
1769,渔
1770,磁
1771,铜
1772,齿
1773,跨
1774,押
1775,怖
1776,漠
1777,疲
1778,叛
1779,遣
1780,兹
1781,祭
1782,醉
1783,拳
1784,弥
1785,斜
1786,档
1787,稀
1788,捷
1789,肤
1790,疫
1791,肿
1792,豆
1793,削
1794,岗
1795,晃
1796,吞
1797,宏
1798,癌
1799,肚
1800,隶
1801,履
1802,涨
1803,耀
1804,扭
1805,坛
1806,拨
1807,沃
1808,绘
1809,伐
1810,堪
1811,仆
1812,郭
1813,牺
1814,歼
1815,墓
1816,雇
1817,廉
1818,契
1819,拼
1820,惩
1821,捉
1822,覆
1823,刷
1824,劫
1825,嫌
1826,瓜
1827,歇
1828,雕
1829,闷
1830,乳
1831,串
1832,娃
1833,缴
1834,唤
1835,赢
1836,莲
1837,霸
1838,桃
1839,妥
1840,瘦
1841,搭
1842,赴
1843,岳
1844,嘉
1845,舱
1846,俊
1847,址
1848,庞
1849,耕
1850,锐
1851,缝
1852,悔
1853,邀
1854,玲
1855,惟
1856,斥
1857,宅
1858,添
1859,挖
1860,呵
1861,讼
1862,氧
1863,浩
1864,羽
1865,斤
1866,酷
1867,掠
1868,妖
1869,祸
1870,侍
1871,乙
1872,妨
1873,贪
1874,挣
1875,汪
1876,尿
1877,莉
1878,悬
1879,唇
1880,翰
1881,仓
1882,轨
1883,枚
1884,盐
1885,览
1886,傅
1887,帅
1888,庙
1889,芬
1890,屏
1891,寺
1892,胖
1893,璃
1894,愚
1895,滴
1896,疏
1897,萧
1898,姿
1899,颤
1900,丑
1901,劣
1902,柯
1903,寸
1904,扔
1905,盯
1906,辱
1907,匹
1908,俱
1909,辨
1910,饿
1911,蜂
1912,哦
1913,腔
1914,郁
1915,溃
1916,谨
1917,糟
1918,葛
1919,苗
1920,肠
1921,忌
1922,溜
1923,鸿
1924,爵
1925,鹏
1926,鹰
1927,笼
1928,丘
1929,桂
1930,滋
1931,聊
1932,挡
1933,纲
1934,肌
1935,茨
1936,壳
1937,痕
1938,碗
1939,穴
1940,膀
1941,卓
1942,贤
1943,卧
1944,膜
1945,毅
1946,锦
1947,欠
1948,哩
1949,函
1950,茫
1951,昂
1952,薛
1953,皱
1954,夸
1955,豫
1956,胃
1957,舌
1958,剥
1959,傲
1960,拾
1961,窝
1962,睁
1963,携
1964,陵
1965,哼
1966,棉
1967,晴
1968,铃
1969,填
1970,饲
1971,渴
1972,吻
1973,扮
1974,逆
1975,脆
1976,喘
1977,罩
1978,卜
1979,炉
1980,柴
1981,愉
1982,绳
1983,胎
1984,蓄
1985,眠
1986,竭
1987,喂
1988,傻
1989,慕
1990,浑
1991,奸
1992,扇
1993,柜
1994,悦
1995,拦
1996,诞
1997,饱
1998,乾
1999,泡
2000,贼
2001,亭
2002,夕
2003,爹
2004,酬
2005,儒
2006,姻
2007,卵
2008,氛
2009,泄
2010,杆
2011,挨
2012,僧
2013,蜜
2014,吟
2015,猩
2016,遂
2017,狭
2018,肖
2019,甜
2020,霞
2021,驳
2022,裕
2023,顽
2024,於
2025,摘
2026,矮
2027,秒
2028,卿
2029,畜
2030,咽
2031,披
2032,辅
2033,勾
2034,盆
2035,疆
2036,赌
2037,塑
2038,畏
2039,吵
2040,囊
2041,嗯
2042,泊
2043,肺
2044,骤
2045,缠
2046,冈
2047,羞
2048,瞪
2049,吊
2050,贾
2051,漏
2052,斑
2053,涛
2054,悠
2055,鹿
2056,俘
2057,锡
2058,卑
2059,葬
2060,铭
2061,滩
2062,嫁
2063,催
2064,璇
2065,翅
2066,盒
2067,蛮
2068,矣
2069,潘
2070,歧
2071,赐
2072,鲍
2073,锅
2074,廊
2075,拆
2076,灌
2077,勉
2078,盲
2079,宰
2080,佐
2081,啥
2082,胀
2083,扯
2084,禧
2085,辽
2086,抹
2087,筒
2088,棋
2089,裤
2090,唉
2091,朴
2092,咐
2093,孕
2094,誓
2095,喉
2096,妄
2097,拘
2098,链
2099,驰
2100,栏
2101,逝
2102,窃
2103,艳
2104,臭
2105,纤
2106,玑
2107,棵
2108,趁
2109,匠
2110,盈
2111,翁
2112,愁
2113,瞬
2114,婴
2115,孝
2116,颈
2117,倘
2118,浙
2119,谅
2120,蔽
2121,畅
2122,赠
2123,妮
2124,莎
2125,尉
2126,冻
2127,跪
2128,闯
2129,葡
2130,後
2131,厨
2132,鸭
2133,颠
2134,遮
2135,谊
2136,圳
2137,吁
2138,仑
2139,辟
2140,瘤
2141,嫂
2142,陀
2143,框
2144,谭
2145,亨
2146,钦
2147,庸
2148,歉
2149,芝
2150,吼
2151,甫
2152,衫
2153,摊
2154,宴
2155,嘱
2156,衷
2157,娇
2158,陕
2159,矩
2160,浦
2161,讶
2162,耸
2163,裸
2164,碧
2165,摧
2166,薪
2167,淋
2168,耻
2169,胶
2170,屠
2171,鹅
2172,饥
2173,盼
2174,脖
2175,虹
2176,翠
2177,崩
2178,账
2179,萍
2180,逢
2181,赚
2182,撑
2183,翔
2184,倡
2185,绵
2186,猴
2187,枯
2188,巫
2189,昭
2190,怔
2191,渊
2192,凑
2193,溪
2194,蠢
2195,禅
2196,阐
2197,旺
2198,寓
2199,藤
2200,匪
2201,伞
2202,碑
2203,挪
2204,琼
2205,脂
2206,谎
2207,慨
2208,菩
2209,萄
2210,狮
2211,掘
2212,抄
2213,岭
2214,晕
2215,逮
2216,砍
2217,掏
2218,狄
2219,晰
2220,罕
2221,挽
2222,脾
2223,舟
2224,痴
2225,蔡
2226,剪
2227,脊
2228,弓
2229,懒
2230,叉
2231,拐
2232,喃
2233,僚
2234,捐
2235,姊
2236,骚
2237,拓
2238,歪
2239,粘
2240,柄
2241,坑
2242,陌
2243,窄
2244,湘
2245,兆
2246,崖
2247,骄
2248,刹
2249,鞭
2250,芒
2251,筋
2252,聘
2253,钩
2254,棍
2255,嚷
2256,腺
2257,弦
2258,焰
2259,耍
2260,俯
2261,厘
2262,愣
2263,厦
2264,恳
2265,饶
2266,钉
2267,寡
2268,憾
2269,摔
2270,叠
2271,惹
2272,喻
2273,谱
2274,愧
2275,煌
2276,徽
2277,溶
2278,坠
2279,煞
2280,巾
2281,滥
2282,洒
2283,堵
2284,瓷
2285,咒
2286,姨
2287,棒
2288,郡
2289,浴
2290,媚
2291,稣
2292,淮
2293,哎
2294,屁
2295,漆
2296,淫
2297,巢
2298,吩
2299,撰
2300,啸
2301,滞
2302,玫
2303,硕
2304,钓
2305,蝶
2306,膝
2307,姚
2308,茂
2309,躯
2310,吏
2311,猿
2312,寨
2313,恕
2314,渠
2315,戚
2316,辰
2317,舶
2318,颁
2319,惶
2320,狐
2321,讽
2322,笨
2323,袍
2324,嘲
2325,啡
2326,泼
2327,衔
2328,倦
2329,涵
2330,雀
2331,旬
2332,僵
2333,撕
2334,肢
2335,垄
2336,夷
2337,逸
2338,茅
2339,侨
2340,舆
2341,窑
2342,涅
2343,蒲
2344,谦
2345,杭
2346,噢
2347,弊
2348,勋
2349,刮
2350,郊
2351,凄
2352,捧
2353,浸
2354,砖
2355,鼎
2356,篮
2357,蒸
2358,饼
2359,亩
2360,肾
2361,陡
2362,爪
2363,兔
2364,殷
2365,贞
2366,荐
2367,哑
2368,炭
2369,坟
2370,眨
2371,搏
2372,咳
2373,拢
2374,舅
2375,昧
2376,擅
2377,爽
2378,咖
2379,搁
2380,禄
2381,雌
2382,哨
2383,巩
2384,绢
2385,螺
2386,裹
2387,昔
2388,轩
2389,谬
2390,谍
2391,龟
2392,媳
2393,姜
2394,瞎
2395,冤
2396,鸦
2397,蓬
2398,巷
2399,琳
2400,栽
2401,沾
2402,诈
2403,斋
2404,瞒
2405,彪
2406,厄
2407,咨
2408,纺
2409,罐
2410,桶
2411,壤
2412,糕
2413,颂
2414,膨
2415,谐
2416,垒
2417,咕
2418,隙
2419,辣
2420,绑
2421,宠
2422,嘿
2423,兑
2424,霉
2425,挫
2426,稽
2427,辐
2428,乞
2429,纱
2430,裙
2431,嘻
2432,哇
2433,绣
2434,杖
2435,塘
2436,衍
2437,轴
2438,攀
2439,膊
2440,譬
2441,斌
2442,祈
2443,踢
2444,肆
2445,坎
2446,轿
2447,棚
2448,泣
2449,屡
2450,躁
2451,邱
2452,凰
2453,溢
2454,椎
2455,砸
2456,趟
2457,帘
2458,帆
2459,栖
2460,窜
2461,丸
2462,斩
2463,堤
2464,塌
2465,贩
2466,厢
2467,掀
2468,喀
2469,乖
2470,谜
2471,捏
2472,阎
2473,滨
2474,虏
2475,匙
2476,芦
2477,苹
2478,卸
2479,沼
2480,钥
2481,株
2482,祷
2483,剖
2484,熙
2485,哗
2486,劈
2487,怯
2488,棠
2489,胳
2490,桩
2491,瑰
2492,娱
2493,娶
2494,沫
2495,嗓
2496,蹲
2497,焚
2498,淘
2499,嫩
2500,韵
2501,衬
2502,匈
2503,钧
2504,竖
2505,峻
2506,豹
2507,捞
2508,菊
2509,鄙
2510,魄
2511,兜
2512,哄
2513,颖
2514,镑
2515,屑
2516,蚁
2517,壶
2518,怡
2519,渗
2520,秃
2521,迦
2522,旱
2523,哟
2524,咸
2525,焉
2526,谴
2527,宛
2528,稻
2529,铸
2530,锻
2531,伽
2532,詹
2533,毙
2534,恍
2535,贬
2536,烛
2537,骇
2538,芯
2539,汁
2540,桓
2541,坊
2542,驴
2543,朽
2544,靖
2545,佣
2546,汝
2547,碌
2548,迄
2549,冀
2550,荆
2551,崔
2552,雁
2553,绅
2554,珊
2555,榜
2556,诵
2557,傍
2558,彦
2559,醇
2560,笛
2561,禽
2562,勿
2563,娟
2564,瞄
2565,幢
2566,寇
2567,睹
2568,贿
2569,踩
2570,霆
2571,呜
2572,拱
2573,妃
2574,蔑
2575,谕
2576,缚
2577,诡
2578,篷
2579,淹
2580,腕
2581,煮
2582,倩
2583,卒
2584,勘
2585,馨
2586,逗
2587,甸
2588,贱
2589,炒
2590,灿
2591,敞
2592,蜡
2593,囚
2594,栗
2595,辜
2596,垫
2597,妒
2598,魁
2599,谣
2600,寞
2601,蜀
2602,甩
2603,涯
2604,枕
2605,丐
2606,泳
2607,奎
2608,泌
2609,逾
2610,叮
2611,黛
2612,燥
2613,掷
2614,藉
2615,枢
2616,憎
2617,鲸
2618,弘
2619,倚
2620,侮
2621,藩
2622,拂
2623,鹤
2624,蚀
2625,浆
2626,芙
2627,垃
2628,烤
2629,晒
2630,霜
2631,剿
2632,蕴
2633,圾
2634,绸
2635,屿
2636,氢
2637,驼
2638,妆
2639,捆
2640,铅
2641,逛
2642,淑
2643,榴
2644,丙
2645,痒
2646,钞
2647,蹄
2648,犬
2649,躬
2650,昼
2651,藻
2652,蛛
2653,褐
2654,颊
2655,奠
2656,募
2657,耽
2658,蹈
2659,陋
2660,侣
2661,魅
2662,岚
2663,侄
2664,虐
2665,堕
2666,陛
2667,莹
2668,荫
2669,狡
2670,阀
2671,绞
2672,膏
2673,垮
2674,茎
2675,缅
2676,喇
2677,绒
2678,搅
2679,凳
2680,梭
2681,丫
2682,姬
2683,诏
2684,钮
2685,棺
2686,耿
2687,缔
2688,懈
2689,嫉
2690,灶
2691,匀
2692,嗣
2693,鸽
2694,澡
2695,凿
2696,纬
2697,沸
2698,畴
2699,刃
2700,遏
2701,烁
2702,嗅
2703,叭
2704,熬
2705,瞥
2706,骸
2707,奢
2708,拙
2709,栋
2710,毯
2711,桐
2712,砂
2713,莽
2714,泻
2715,坪
2716,梳
2717,杉
2718,晤
2719,稚
2720,蔬
2721,蝇
2722,捣
2723,顷
2724,麽
2725,尴
2726,镖
2727,诧
2728,尬
2729,硫
2730,嚼
2731,羡
2732,沦
2733,沪
2734,旷
2735,彬
2736,芽
2737,狸
2738,冥
2739,碳
2740,咧
2741,惕
2742,暑
2743,咯
2744,萝
2745,汹
2746,腥
2747,窥
2748,俺
2749,潭
2750,崎
2751,麟
2752,捡
2753,拯
2754,厥
2755,澄
2756,萎
2757,哉
2758,涡
2759,滔
2760,暇
2761,溯
2762,鳞
2763,酿
2764,茵
2765,愕
2766,瞅
2767,暮
2768,衙
2769,诫
2770,斧
2771,兮
2772,焕
2773,棕
2774,佑
2775,嘶
2776,妓
2777,喧
2778,蓉
2779,删
2780,樱
2781,伺
2782,嗡
2783,娥
2784,梢
2785,坝
2786,蚕
2787,敷
2788,澜
2789,杏
2790,绥
2791,冶
2792,庇
2793,挠
2794,搂
2795,倏
2796,聂
2797,婉
2798,噪
2799,稼
2800,鳍
2801,菱
2802,盏
2803,匿
2804,吱
2805,寝
2806,揽
2807,髓
2808,秉
2809,哺
2810,矢
2811,啪
2812,帜
2813,邵
2814,嗽
2815,挟
2816,缸
2817,揉
2818,腻
2819,驯
2820,缆
2821,晌
2822,瘫
2823,贮
2824,觅
2825,朦
2826,僻
2827,隋
2828,蔓
2829,咋
2830,嵌
2831,虔
2832,畔
2833,琐
2834,碟
2835,涩
2836,胧
2837,嘟
2838,蹦
2839,冢
2840,浏
2841,裔
2842,襟
2843,叨
2844,诀
2845,旭
2846,虾
2847,簿
2848,啤
2849,擒
2850,枣
2851,嘎
2852,苑
2853,牟
2854,呕
2855,骆
2856,凸
2857,熄
2858,兀
2859,喔
2860,裳
2861,凹
2862,赎
2863,屯
2864,膛
2865,浇
2866,灼
2867,裘
2868,砰
2869,棘
2870,橡
2871,碱
2872,聋
2873,姥
2874,瑜
2875,毋
2876,娅
2877,沮
2878,萌
2879,俏
2880,黯
2881,撇
2882,粟
2883,粪
2884,尹
2885,苟
2886,癫
2887,蚂
2888,禹
2889,廖
2890,俭
2891,帖
2892,煎
2893,缕
2894,窦
2895,簇
2896,棱
2897,叩
2898,呐
2899,瑶
2900,墅
2901,莺
2902,烫
2903,蛙
2904,歹
2905,伶
2906,葱
2907,哮
2908,眩
2909,坤
2910,廓
2911,讳
2912,啼
2913,乍
2914,瓣
2915,矫
2916,跋
2917,枉
2918,梗
2919,厕
2920,琢
2921,讥
2922,釉
2923,窟
2924,敛
2925,轼
2926,庐
2927,胚
2928,呻
2929,绰
2930,扼
2931,懿
2932,炯
2933,竿
2934,慷
2935,虞
2936,锤
2937,栓
2938,桨
2939,蚊
2940,磅
2941,孽
2942,惭
2943,戳
2944,禀
2945,鄂
2946,馈
2947,垣
2948,溅
2949,咚
2950,钙
2951,礁
2952,彰
2953,豁
2954,眯
2955,磷
2956,雯
2957,墟
2958,迂
2959,瞻
2960,颅
2961,琉
2962,悼
2963,蝴
2964,拣
2965,渺
2966,眷
2967,悯
2968,汰
2969,慑
2970,婶
2971,斐
2972,嘘
2973,镶
2974,炕
2975,宦
2976,趴
2977,绷
2978,窘
2979,襄
2980,珀
2981,嚣
2982,拚
2983,酌
2984,浊
2985,毓
2986,撼
2987,嗜
2988,扛
2989,峭
2990,磕
2991,翘
2992,槽
2993,淌
2994,栅
2995,颓
2996,熏
2997,瑛
2998,颐
2999,忖
3000,牡
3001,缀
3002,徊
3003,梨
3004,肪
3005,涕
3006,惫
3007,摹
3008,踱
3009,肘
3010,熔
3011,挚
3012,氯
3013,凛
3014,绎
3015,庶
3016,脯
3017,迭
3018,睦
3019,窍
3020,粥
3021,庵
3022,沧
3023,怠
3024,沁
3025,奕
3026,咙
3027,氨
3028,矗
3029,盔
3030,拇
3031,沛
3032,榻
3033,揣
3034,崭
3035,鞘
3036,鞠
3037,垦
3038,洽
3039,唾
3040,橱
3041,仕
3042,蜘
3043,痰
3044,袜
3045,峙
3046,柬
3047,蝉
3048,蟹
3049,谏
3050,鹃
3051,擎
3052,皓
3053,朕
3054,疤
3055,禺
3056,铲
3057,酶
3058,钝
3059,氓
3060,匣
3061,弧
3062,峨
3063,锥
3064,揪
3065,杠
3066,吭
3067,崛
3068,诬
3069,冉
3070,抒
3071,庚
3072,悍
3073,靡
3074,晦
3075,醋
3076,壕
3077,锯
3078,夭
3079,咦
3080,侈
3081,婢
3082,猾
3083,徘
3084,硝
3085,煽
3086,皂
3087,舵
3088,嗦
3089,狈
3090,靴
3091,捂
3092,疮
3093,郝
3094,苛
3095,秽
3096,茜
3097,搓
3098,芸
3099,酱
3100,赁
3101,檐
3102,饷
3103,蕉
3104,铀
3105,苔
3106,赦
3107,缎
3108,舷
3109,筷
3110,朔
3111,婪
3112,紊
3113,厮
3114,婿
3115,寥
3116,兢
3117,糙
3118,卦
3119,槐
3120,扒
3121,裴
3122,祀
3123,埔
3124,絮
3125,芭
3126,屉
3127,痪
3128,霄
3129,绽
3130,宵
3131,邑
3132,霖
3133,岔
3134,饵
3135,茄
3136,韧
3137,琪
3138,邹
3139,瑚
3140,憋
3141,殆
3142,噜
3143,忒
3144,忿
3145,衅
3146,淳
3147,悖
3148,髦
3149,孜
3150,粤
3151,隘
3152,濒
3153,铮
3154,畸
3155,剔
3156,坞
3157,篱
3158,淀
3159,蓦
3160,唬
3161,锣
3162,汀
3163,趾
3164,缉
3165,嫦
3166,斟
3167,鞍
3168,扳
3169,拴
3170,诅
3171,谟
3172,呃
3173,懦
3174,逞
3175,犁
3176,忏
3177,拧
3178,亥
3179,佟
3180,叱
3181,舜
3182,绊
3183,龚
3184,腮
3185,邸
3186,椒
3187,蔚
3188,湛
3189,狩
3190,眶
3191,栈
3192,薇
3193,肮
3194,瀑
3195,渣
3196,褂
3197,叽
3198,臀
3199,妞
3200,巍
3201,唔
3202,疚
3203,鲤
3204,戎
3205,肇
3206,笃
3207,辙
3208,娴
3209,阮
3210,札
3211,懊
3212,焘
3213,恤
3214,疹
3215,潇
3216,铝
3217,涤
3218,恃
3219,喽
3220,砌
3221,遁
3222,楞
3223,阱
3224,咎
3225,洼
3226,炳
3227,噬
3228,枫
3229,拷
3230,哆
3231,矶
3232,苇
3233,翩
3234,窒
3235,侬
3236,靶
3237,胰
3238,芜
3239,辫
3240,嚎
3241,妾
3242,幌
3243,踉
3244,佃
3245,葫
3246,皖
3247,拽
3248,滤
3249,睬
3250,俞
3251,匕
3252,谤
3253,嗤
3254,捍
3255,孵
3256,倪
3257,瘾
3258,敝
3259,匡
3260,磋
3261,绫
3262,淆
3263,尧
3264,蕊
3265,烘
3266,璋
3267,亢
3268,轧
3269,赂
3270,蝗
3271,榆
3272,骏
3273,诛
3274,勺
3275,梵
3276,炽
3277,笠
3278,颌
3279,闸
3280,狒
3281,樊
3282,镕
3283,垢
3284,瘟
3285,缪
3286,菇
3287,琦
3288,剃
3289,迸
3290,溺
3291,炫
3292,惚
3293,嗨
3294,陨
3295,赃
3296,羁
3297,臻
3298,嘀
3299,膳
3300,赣
3301,踌
3302,殉
3303,桔
3304,瞿
3305,闽
3306,豚
3307,掺
3308,沌
3309,惰
3310,喳
3311,椭
3312,咪
3313,霎
3314,侃
3315,猝
3316,窖
3317,戮
3318,祠
3319,瞩
3320,菁
3321,躇
3322,佬
3323,肋
3324,咄
3325,忡
3326,雍
3327,忱
3328,蕾
3329,跄
3330,硅
3331,伎
3332,炊
3333,钊
3334,蝠
3335,屎
3336,拭
3337,谛
3338,褪
3339,丞
3340,卉
3341,隧
3342,茸
3343,钳
3344,啃
3345,伢
3346,闺
3347,舔
3348,蹬
3349,挛
3350,眺
3351,袱
3352,陇
3353,殴
3354,柿
3355,梧
3356,惺
3357,弛
3358,侥
3359,琛
3360,捅
3361,酝
3362,薯
3363,曳
3364,澈
3365,锈
3366,稠
3367,眸
3368,咆
3369,簧
3370,鸥
3371,疡
3372,渎
3373,汲
3374,嬉
3375,脓
3376,骡
3377,穗
3378,槛
3379,拎
3380,巳
3381,邢
3382,廿
3383,搀
3384,曙
3385,樵
3386,隅
3387,筛
3388,谒
3389,倭
3390,痹
3391,猖
3392,佯
3393,肛
3394,奚
3395,甭
3396,抨
3397,蛾
3398,唠
3399,荧
3400,嵩
3401,漱
3402,酋
3403,攘
3404,诘
3405,篡
3406,睿
3407,噩
3408,怅
3409,盎
3410,徙
3411,鞅
3412,漓
3413,祟
3414,睫
3415,攸
3416,翎
3417,呛
3418,筐
3419,堑
3420,檀
3421,寅
3422,磊
3423,驭
3424,惘
3425,吠
3426,驮
3427,瑙
3428,炬
3429,痉
3430,曝
3431,恺
3432,胺
3433,萤
3434,敕
3435,筝
3436,幡
3437,霹
3438,竺
3439,烙
3440,毗
3441,鸠
3442,埠
3443,蒜
3444,阜
3445,嘈
3446,乒
3447,帷
3448,啄
3449,鳌
3450,毡
3451,阙
3452,褥
3453,搔
3454,笋
3455,冕
3456,狞
3457,韶
3458,骼
3459,蔼
3460,烹
3461,奄
3462,嫖
3463,沐
3464,噗
3465,岑
3466,蛟
3467,掳
3468,咏
3469,弩
3470,捻
3471,圃
3472,孚
3473,悴
3474,诣
3475,呱
3476,祁
3477,捶
3478,钠
3479,袄
3480,澎
3481,氮
3482,恪
3483,雏
3484,撮
3485,堰
3486,彷
3487,鹦
3488,晖
3489,犀
3490,腑
3491,沽
3492,橄
3493,掐
3494,亵
3495,龋
3496,嗒
3497,咀
3498,祺
3499,锚
3500,匾
3501,乓
3502,萃
3503,贻
3504,揖
3505,觑
3506,吝
3507,憔
3508,羌
3509,诲
3510,砾
3511,蠕
3512,肴
3513,撩
3514,坍
3515,酥
3516,袅
3517,黝
3518,俾
3519,嫣
3520,穹
3521,秧
3522,妊
3523,溉
3524,鹊
3525,聿
3526,疙
3527,蘑
3528,睾
3529,楷
3530,酵
3531,茹
3532,锌
3533,滇
3534,辗
3535,纂
3536,圭
3537,幔
3538,褒
3539,揍
3540,诽
3541,倔
3542,腓
3543,颉
3544,锄
3545,嗔
3546,磺
3547,攒
3548,瘩
3549,雳
3550,吆
3551,悚
3552,墩
3553,彝
3554,囱
3555,逍
3556,辄
3557,桅
3558,俨
3559,纶
3560,悸
3561,殃
3562,帧
3563,俐
3564,绮
3565,袒
3566,籽
3567,孰
3568,愫
3569,拌
3570,橙
3571,暨
3572,敖
3573,赘
3574,抉
3575,淤
3576,剌
3577,娼
3578,顼
3579,葵
3580,哝
3581,酣
3582,麓
3583,钵
3584,琅
3585,簸
3586,禾
3587,铢
3588,璧
3589,娠
3590,彗
3591,惋
3592,腋
3593,螂
3594,阪
3595,掣
3596,劾
3597,沥
3598,粱
3599,嚓
3600,惮
3601,氖
3602,捎
3603,羔
3604,俟
3605,渲
3606,榄
3607,茧
3608,霓
3609,鹉
3610,胥
3611,琶
3612,撬
3613,橘
3614,醫
3615,拈
3616,笆
3617,痊
3618,亟
3619,渭
3620,狙
3621,珂
3622,刨
3623,蜕
3624,谚
3625,憧
3626,瞟
3627,馒
3628,拗
3629,帚
3630,钗
3631,哧
3632,喋
3633,箫
3634,刁
3635,怦
3636,缭
3637,迥
3638,湄
3639,磐
3640,渝
3641,冗
3642,闵
3643,噶
3644,黏
3645,蕃
3646,弼
3647,驿
3648,淄
3649,饺
3650,踞
3651,韬
3652,婷
3653,唆
3654,蜒
3655,偎
3656,榨
3657,漉
3658,碉
3659,皈
3660,矜
3661,笈
3662,枷
3663,鲨
3664,蹑
3665,瀚
3666,酪
3667,谑
3668,癖
3669,烬
3670,揩
3671,炙
3672,蜷
3673,侏
3674,凋
3675,漪
3676,悻
3677,蹋
3678,讪
3679,搐
3680,碘
3681,帛
3682,诠
3683,碾
3684,擂
3685,苯
3686,诃
3687,铎
3688,戊
3689,荀
3690,驹
3691,攫
3692,憬
3693,哽
3694,踵
3695,蟒
3696,漾
3697,啧
3698,吮
3699,楠
3700,氟
3701,怂
3702,叼
3703,竣
3704,偕
3705,漩
3706,蹭
3707,翌
3708,臆
3709,挝
3710,绚
3711,崽
3712,糜
3713,瘢
3714,跤
3715,阑
3716,恬
3717,豢
3718,汶
3719,跷
3720,琵
3721,憨
3722,蜗
3723,螅
3724,惴
3725,戟
3726,匮
3727,恙
3728,抿
3729,桢
3730,笺
3731,蛤
3732,瞳
3733,藥
3734,瓢
3735,衹
3736,秤
3737,跺
3738,潦
3739,芹
3740,哒
3741,饬
3742,栩
3743,曦
3744,骷
3745,嫡
3746,卤
3747,丕
3748,鬓
3749,梓
3750,嗖
3751,惦
3752,浚
3753,咔
3754,藐
3755,荃
3756,唧
3757,玺
3758,汛
3759,铐
3760,髅
3761,渤
3762,皿
3763,箍
3764,馅
3765,汾
3766,戍
3767,痔
3768,褶
3769,聆
3770,涎
3771,汞
3772,渍
3773,奂
3774,巅
3775,疣
3776,傩
3777,逵
3778,耆
3779,蟋
3780,鳄
3781,讹
3782,膺
3783,蹿
3784,筏
3785,釜
3786,沂
3787,坯
3788,峦
3789,茬
3790,摒
3791,蟀
3792,撵
3793,浒
3794,缤
3795,嵋
3796,珑
3797,苞
3798,瑾
3799,泵
3800,钾
3801,暧
3802,赓
3803,叟
3804,佚
3805,沓
3806,撂
3807,蛊
3808,甥
3809,璐
3810,晏
3811,瘪
3812,漳
3813,阉
3814,蹂
3815,鳃
3816,琏
3817,湃
3818,辘
3819,僭
3820,躏
3821,鼾
3822,懵
3823,镰
3824,寐
3825,褚
3826,攥
3827,涧
3828,蝙
3829,脐
3830,辕
3831,涣
3832,杞
3833,煜
3834,骥
3835,傣
3836,嗳
3837,祯
3838,酉
3839,秸
3840,捺
3841,瑕
3842,鑫
3843,馋
3844,窿
3845,楔
3846,胱
3847,荔
3848,蟆
3849,湍
3850,屹
3851,遐
3852,轲
3853,镯
3854,缰
3855,桦
3856,炖
3857,钡
3858,羚
3859,啬
3860,诩
3861,绯
3862,掖
3863,箓
3864,涸
3865,鸳
3866,塾
3867,呸
3868,抡
3869,擞
3870,熹
3871,坷
3872,瓮
3873,亘
3874,嗟
3875,筵
3876,跛
3877,汕
3878,欤
3879,壑
3880,颍
3881,溥
3882,姗
3883,踊
3884,枭
3885,暄
3886,稷
3887,跚
3888,涟
3889,瀛
3890,笙
3891,滕
3892,踝
3893,贰
3894,瞰
3895,恻
3896,嚏
3897,迢
3898,獗
3899,邯
3900,睑
3901,赡
3902,萦
3903,珥
3904,酮
3905,璞
3906,羹
3907,缄
3908,晾
3909,俸
3910,媲
3911,鸾
3912,恿
3913,蜿
3914,犊
3915,讷
3916,扈
3917,蜈
3918,翟
3919,藕
3920,戌
3921,蓓
3922,鋆
3923,谩
3924,谀
3925,卯
3926,谙
3927,岐
3928,蝎
3929,荼
3930,镀
3931,椰
3932,甄
3933,蟾
3934,蹊
3935,泞
3936,撸
3937,螃
3938,檬
3939,猓
3940,蔷
3941,羲
3942,瘸
3943,蘸
3944,蔗
3945,傀
3946,蚌
3947,锢
3948,遽
3949,邃
3950,恚
3951,皑
3952,锵
3953,簌
3954,焙
3955,昊
3956,鹳
3957,睽
3958,刽
3959,鳖
3960,噎
3961,呗
3962,寰
3963,唷
3964,殡
3965,淖
3966,诰
3967,恣
3968,睐
3969,婵
3970,榈
3971,氦
3972,靳
3973,蛹
3974,鸯
3975,惬
3976,蹙
3977,诙
3978,眈
3979,罡
3980,缮
3981,胤
3982,皋
3983,蛀
3984,偌
3985,疵
3986,绛
3987,葆
3988,黔
3989,喙
3990,烽
3991,儡
3992,佼
3993,斓
3994,嫔
3995,颚
3996,龈
3997,盅
3998,娓
3999,坂
4000,町
4001,芥
4002,瘠
4003,阂
4004,挎
4005,橇
4006,荟
4007,啜
4008,垛
4009,淇
4010,瓒
4011,篓
4012,虱
4013,跻
4014,龛
4015,蹒
4016,髯
4017,瞠
4018,痫
4019,掂
4020,潼
4021,酰
4022,镁
4023,灸
4024,腆
4025,筱
4026,谆
4027,骋
4028,壬
4029,茗
4030,椋
4031,蛔
4032,潺
4033,扉
4034,耘
4035,槟
4036,雹
4037,甬
4038,谥
4039,淞
4040,燎
4041,蕙
4042,蚪
4043,蜻
4044,郸
4045,轶
4046,狰
4047,楣
4048,捋
4049,涓
4050,荪
4051,娄
4052,麝
4053,蚤
4054,薰
4055,醮
4056,搪
4057,谧
4058,湮
4059,辍
4060,瞌
4061,梆
4062,樟
4063,茉
4064,岖
4065,臼
4066,癣
4067,穑
4068,玷
4069,馍
4070,呷
4071,萼
4072,妩
4073,伫
4074,彤
4075,莓
4076,岬
4077,媛
4078,惆
4079,鳎
4080,啾
4081,囔
4082,蜓
4083,孺
4084,徇
4085,徵
4086,焊
4087,岱
4088,昵
4089,卅
4090,飙
4091,邙
4092,痞
4093,隼
4094,恫
4095,怆
4096,桀
4097,绶
4098,裆
4099,盂
4100,桧
4101,蚓
4102,抠
4103,嗷
4104,槌
4105,痘
4106,痢
4107,芮
4108,蚣
4109,闩
4110,铿
4111,飓
4112,疱
4113,蝌
4114,撅
4115,蚯
4116,斡
4117,窠
4118,荚
4119,耷
4120,砚
4121,牒
4122,赈
4123,煦
4124,嗫
4125,耙
4126,榕
4127,鞑
4128,袤
4129,谌
4130,醺
4131,秆
4132,徨
4133,橹
4134,翡
4135,缨
4136,锹
4137,嵇
4138,圪
4139,髻
4140,嗬
4141,辎
4142,痣
4143,娩
4144,谄
4145,蛐
4146,鹞
4147,翱
4148,庖
4149,籁
4150,蓿
4151,鳗
4152,疟
4153,鲇
4154,這
4155,嚅
4156,瘀
4157,颔
4158,黜
4159,黠
4160,濑
4161,馁
4162,洵
4163,忐
4164,忑
4165,砥
4166,咂
4167,罹
4168,糠
4169,匝
4170,偃
4171,淙
4172,纫
4173,喏
4174,闾
4175,祛
4176,蛰
4177,腼
4178,涝
4179,曜
4180,厩
4181,疽
4182,闰
4183,洄
4184,煊
4185,汐
4186,藓
4187,璜
4188,铬
4189,經
4190,渥
4191,靼
4192,酗
4193,苓
4194,噤
4195,咫
4196,椿
4197,鲫
4198,锭
4199,罔
4200,锺
4201,匍
4202,祗
4203,锰
4204,岌
4205,馀
4206,畹
4207,糯
4208,胫
4209,熠
4210,銮
4211,沅
4212,棣
4213,旌
4214,豌
4215,孢
4216,镭
4217,驸
4218,腌
4219,盹
4220,熵
4221,镐
4222,馐
4223,嘤
4224,癞
4225,骰
4226,韭
4227,阖
4228,瞑
4229,裨
4230,宕
4231,戾
4232,镌
4233,溟
4234,牍
4235,隽
4236,婊
4237,鹄
4238,埂
4239,拄
4240,娲
4241,虬
4242,萱
4243,啵
4244,蠡
4245,芋
4246,胭
4247,豺
4248,啻
4249,褛
4250,蛆
4251,柠
4252,掰
4253,篆
4254,倌
4255,咛
4256,蛭
4257,谡
4258,荨
4259,莞
4260,澹
4261,纭
4262,潞
4263,郅
4264,弋
4265,飕
4266,螳
4267,胄
4268,蟑
4269,猥
4270,宓
4271,昙
4272,锏
4273,蟠
4274,過
4275,柑
4276,烯
4277,匐
4278,濮
4279,蟮
4280,祐
4281,仄
4282,偈
4283,蜃
4284,箴
4285,粼
4286,嗥
4287,褴
4288,蕨
4289,蓟
4290,圩
4291,孪
4292,杳
4293,魇
4294,荤
4295,诿
4296,簪
4297,氲
4298,摞
4299,飒
4300,镂
4301,舀
4302,夙
4303,臧
4304,蒿
4305,貂
4306,蜥
4307,蹩
4308,噼
4309,钛
4310,钚
4311,獾
4312,濂
4313,铠
4314,皙
4315,霭
4316,鲈
4317,叵
4318,霾
4319,泯
4320,碴
4321,鸵
4322,峪
4323,饕
4324,瘁
4325,睢
4326,鬃
4327,迩
4328,纣
4329,夔
4330,垠
4331,饨
4332,榭
4333,隍
4334,娑
4335,篝
4336,榔
4337,洌
4338,浜
4339,鲑
4340,谔
4341,汩
4342,浣
4343,舐
4344,瞭
4345,忻
4346,咻
4347,鹑
4348,唑
4349,懋
4350,皎
4351,诒
4352,麾
4353,辏
4354,氐
4355,冽
4356,箕
4357,俚
4358,汴
4359,宸
4360,芍
4361,捱
4362,摈
4363,摺
4364,簦
4365,箔
4366,咝
4367,孀
4368,怏
4369,谝
4370,砧
4371,馕
4372,耄
4373,罂
4374,漕
4375,沣
4376,栾
4377,榘
4378,烷
4379,榷
4380,俑
4381,沱
4382,缜
4383,鹫
4384,蛳
4385,剽
4386,衢
4387,泗
4388,臊
4389,瘴
4390,酚
4391,纾
4392,晁
4393,孛
4394,炀
4395,叁
4396,憩
4397,掬
4398,椤
4399,啮
4400,畿
4401,掸
4402,镣
4403,骁
4404,椽
4405,侗
4406,滦
4407,荩
4408,泓
4409,蚱
4410,癜
4411,酯
4412,體
4413,癸
4414,蚜
4415,扪
4416,庑
4417,歆
4418,蝮
4419,蹶
4420,弈
4421,庋
4422,喟
4423,滂
4424,啕
4425,蛎
4426,獭
4427,槁
4428,翊
4429,龊
4430,邺
4431,莘
4432,燮
4433,剁
4434,觐
4435,铛
4436,谗
4437,镍
4438,臃
4439,墒
4440,晔
4441,燔
4442,嘭
4443,涿
4444,醯
4445,箩
4446,鄱
4447,睨
4448,诤
4449,坳
4450,鹭
4451,砷
4452,唏
4453,伲
4454,猬
4455,琥
4456,殁
4457,蚩
4458,泾
4459,缥
4460,殓
4461,鳅
4462,氰
4463,诋
4464,刍
4465,芷
4466,嶙
4467,逅
4468,舫
4469,呓
4470,唰
4471,茁
4472,馑
4473,妫
4474,骧
4475,苷
4476,擢
4477,峋
4478,袂
4479,懑
4480,蓑
4481,與
4482,涞
4483,祉
4484,踹
4485,掇
4486,沏
4487,诳
4488,噫
4489,饽
4490,饪
4491,绺
4492,谘
4493,飧
4494,迳
4495,铡
4496,枞
4497,熨
4498,鋈
4499,荭
4500,赊
4501,俦
4502,戛
4503,湎
4504,幺
4505,凇
4506,芪
4507,觯
4508,龌
4509,挞
4510,嬴
4511,苻
4512,嘁
4513,鞯
4514,肽
4515,恸
4516,迨
4517,钰
4518,儆
4519,觎
4520,讫
4521,滓
4522,僮
4523,媾
4524,龇
4525,胯
4526,涮
4527,绾
4528,杈
4529,赳
4530,斛
4531,觥
4532,疸
4533,卞
4534,愠
4535,拮
4536,庠
4537,烨
4538,龢
4539,菠
4540,窈
4541,罄
4542,囤
4543,弁
4544,奘
4545,咣
4546,缫
4547,腴
4548,缈
4549,喵
4550,潢
4551,遛
4552,柚
4553,郏
4554,荻
4555,藜
4556,琨
4557,镳
4558,雉
4559,橐
4560,陽
4561,骈
4562,蛉
4563,艮
4564,搽
4565,濡
4566,寮
4567,柩
4568,佗
4569,啷
4570,诜
4571,視
4572,偻
4573,夯
4574,闱
4575,谖
4576,夥
4577,枸
4578,膑
4579,虻
4580,筠
4581,埽
4582,笞
4583,臾
4584,婀
4585,珞
4586,粑
4587,怵
4588,绻
4589,殒
4590,觊
4591,崂
4592,颧
4593,嗑
4594,榛
4595,昱
4596,蜴
4597,鳝
4598,噙
4599,淼
4600,矾
4601,硼
4602,囿
4603,泅
4604,邂
4605,钜
4606,蠹
4607,垩
4608,乩
4609,嗝
4610,淦
4611,樽
4612,诮
4613,揆
4614,啐
4615,淅
4616,榉
4617,馗
4618,辔
4619,暹
4620,骛
4621,鱿
4622,苫
4623,犷
4624,獠
4625,詈
4626,竦
4627,篙
4628,诨
4629,铰
4630,馄
4631,蜚
4632,峒
4633,滢
4634,琬
4635,靓
4636,狻
4637,璨
4638,犟
4639,鸬
4640,螨
4641,芩
4642,嘹
4643,锟
4644,蜇
4645,洹
4646,栉
4647,俪
4648,钍
4649,锨
4650,瑁
4651,壹
4652,痿
4653,竑
4654,粕
4655,犄
4656,瘙
4657,饯
4658,抟
4659,衲
4660,踮
4661,龅
4662,愎
4663,馥
4664,梏
4665,讣
4666,邝
4667,艿
4668,趺
4669,鲟
4670,剜
4671,绉
4672,罅
4673,笥
4674,衩
4675,姣
4676,斫
4677,鹗
4678,腎
4679,爻
4680,猕
4681,晗
4682,铩
4683,窕
4684,仨
4685,搡
4686,崴
4687,酢
4688,檄
4689,佞
4690,孑
4691,璀
4692,岷
4693,舛
4694,邕
4695,闿
4696,铂
4697,霁
4698,犒
4699,馏
4700,阈
4701,麋
4702,麒
4703,苁
4704,摁
4705,涔
4706,宥
4707,妍
4708,铤
4709,锷
4710,嗲
4711,恽
4712,麂
4713,赝
4714,胛
4715,哂
4716,撷
4717,呶
4718,噘
4719,懔
4720,栎
4721,桎
4722,霰
4723,飨
4724,揄
4725,噔
4726,娣
4727,薏
4728,忝
4729,咤
4730,嗵
4731,迤
4732,贲
4733,胪
4734,鍪
4735,泸
4736,蔫
4737,刈
4738,僖
4739,咿
4740,鹌
4741,嗪
4742,茏
4743,茯
4744,岫
4745,嵘
4746,轱
4747,怼
4748,铨
4749,昕
4750,郢
4751,咩
4752,馊
4753,髡
4754,澧
4755,苣
4756,濯
4757,盥
4758,囡
4759,砺
4760,佘
4761,谶
4762,弑
4763,楂
4764,翦
4765,怩
4766,蠼
4767,霏
4768,楹
4769,讴
4770,锲
4771,慵
4772,胝
4773,砭
4774,潍
4775,杵
4776,樾
4777,帼
4778,碣
4779,诌
4780,徕
4781,胴
4782,钴
4783,裟
4784,啶
4785,铣
4786,铱
4787,楫
4788,赭
4789,碛
4790,酊
4791,魑
4792,醛
4793,剐
4794,畦
4795,陂
4796,闶
4797,阄
4798,祚
4799,鹘
4800,泱
4801,趄
4802,骅
4803,陲
4804,郧
4805,倜
4806,呤
4807,燧
4808,铉
4809,粲
4810,骶
4811,峁
4812,忸
4813,渌
4814,骞
4815,髭
4816,戡
4817,钨
4818,谲
4819,苋
4820,锃
4821,蜊
4822,幄
4823,闼
4824,戕
4825,骊
4826,虢
4827,烩
4828,傥
4829,妲
4830,绌
4831,桠
4832,袈
4833,鎗
4834,薮
4835,揿
4836,杲
4837,肓
4838,厝
4839,莅
4840,氤
4841,缙
4842,衮
4843,诟
4844,旖
4845,硒
4846,唁
4847,嬗
4848,硎
4849,裱
4850,颦
4851,質
4852,靥
4853,纥
4854,煨
4855,礴
4856,鏖
4857,蝈
4858,笏
4859,羿
4860,鼐
4861,湟
4862,甑
4863,炜
4864,煲
4865,锉
4866,笕
4867,喑
4868,嶂
4869,浔
4870,弭
4871,妪
4872,锂
4873,苡
4874,孳
4875,颏
4876,醴
4877,間
4878,渚
4879,轭
4880,鹬
4881,蚝
4882,黃
4883,膘
4884,邛
4885,痨
4886,褡
4887,耦
4888,覃
4889,虛
4890,馔
4891,篾
4892,兖
4893,阋
4894,遨
4895,爰
4896,痂
4897,艄
4898,耨
4899,沤
4900,邋
4901,焓
4902,秣
4903,昶
4904,種
4905,變
4906,窣
4907,绦
4908,俎
4909,榫
4910,蟪
4911,稗
4912,謇
4913,氩
4914,類
4915,锴
4916,龉
4917,烃
4918,俣
4919,嬷
4920,肱
4921,鸢
4922,笫
4923,痤
4924,陰
4925,菏
4926,莆
4927,芨
4928,阕
4929,砣
4930,碜
4931,鼹
4932,長
4933,猷
4934,竽
4935,舸
4936,诓
4937,錾
4938,淬
4939,隗
4940,悌
4941,姘
4942,槭
4943,邈
4944,婕
4945,0
4946,1
4947,2
4948,3
4949,4
4950,5
4951,6
4952,7
4953,8
4954,9
4955,X